INITIALIZATION
CREATE TABLE NULL_TABLE(ID INT NOT NULL, NUM INT NULL, PRICE FLOAT NOT NULL, BIRTHDAY DATE NULL);
SQL_SYNTAX > FAILED TO PARSE SQL
CREATE TABLE NULL_TABLE2(ID INT NOT NULL, NUM INT NULL, PRICE FLOAT NOT NULL, BIRTHDAY DATE NULL);
SQL_SYNTAX > FAILED TO PARSE SQL
CREATE INDEX INDEX_NUM ON NULL_TABLE(NUM);
FAILURE

1. INSERT
INSERT INTO NULL_TABLE VALUES (1, 18, 10.0, '2020-01-01');
FAILURE
INSERT INTO NULL_TABLE VALUES (2, NULL, 20.0, '2010-01-11');
FAILURE
INSERT INTO NULL_TABLE VALUES (3, 12, 30.0, NULL);
FAILURE
INSERT INTO NULL_TABLE VALUES (4, 15, 30.0, '2021-01-31');
FAILURE
INSERT INTO NULL_TABLE2 VALUES (1, 18, 30.0, '2021-01-31');
FAILURE
INSERT INTO NULL_TABLE2 VALUES (2, NULL, 40.0, NULL);
FAILURE

INSERT INTO NULL_TABLE VALUES (5, 15, NULL, '2021-01-31');
FAILURE
INSERT INTO NULL_TABLE VALUES (NULL, 15, 30.0, '2021-01-31');
FAILURE

2. SELECT
SELECT * FROM NULL_TABLE;
FAILURE

3. SELECT WITH CONSTANT
SELECT * FROM NULL_TABLE WHERE 1 IS NULL;
FAILURE
SELECT * FROM NULL_TABLE WHERE 1 IS NOT NULL;
FAILURE
SELECT * FROM NULL_TABLE WHERE NULL=1;
FAILURE
SELECT * FROM NULL_TABLE WHERE 1=NULL;
FAILURE
SELECT * FROM NULL_TABLE WHERE 1<>NULL;
FAILURE
SELECT * FROM NULL_TABLE WHERE 1<NULL;
FAILURE
SELECT * FROM NULL_TABLE WHERE 1>NULL;
FAILURE

SELECT * FROM NULL_TABLE WHERE NULL IS NULL;
FAILURE
SELECT * FROM NULL_TABLE WHERE NULL IS NOT NULL;
FAILURE
SELECT * FROM NULL_TABLE WHERE NULL=NULL;
FAILURE
SELECT * FROM NULL_TABLE WHERE NULL<>NULL;
FAILURE
SELECT * FROM NULL_TABLE WHERE NULL>NULL;
FAILURE
SELECT * FROM NULL_TABLE WHERE NULL<NULL;
FAILURE

SELECT * FROM NULL_TABLE WHERE 'A' IS NULL;
FAILURE
SELECT * FROM NULL_TABLE WHERE 'A' IS NOT NULL;
FAILURE
SELECT * FROM NULL_TABLE WHERE NULL='A';
FAILURE
SELECT * FROM NULL_TABLE WHERE 'A'=NULL;
FAILURE
SELECT * FROM NULL_TABLE WHERE 'A'<>NULL;
FAILURE
SELECT * FROM NULL_TABLE WHERE 'A'>NULL;
FAILURE
SELECT * FROM NULL_TABLE WHERE 'A'<NULL;
FAILURE

SELECT * FROM NULL_TABLE WHERE '2021-01-31' IS NULL;
FAILURE
SELECT * FROM NULL_TABLE WHERE '2021-01-31' IS NOT NULL;
FAILURE
SELECT * FROM NULL_TABLE WHERE NULL='2021-01-31';
FAILURE
SELECT * FROM NULL_TABLE WHERE '2021-01-31'=NULL;
FAILURE
SELECT * FROM NULL_TABLE WHERE '2021-01-31'>NULL;
FAILURE
SELECT * FROM NULL_TABLE WHERE '2021-01-31'<NULL;
FAILURE

4. SELECT WITH COLUMN
SELECT * FROM NULL_TABLE WHERE BIRTHDAY IS NOT NULL;
FAILURE
SELECT * FROM NULL_TABLE WHERE BIRTHDAY IS NULL;
FAILURE
SELECT * FROM NULL_TABLE WHERE BIRTHDAY = NULL;
FAILURE
SELECT * FROM NULL_TABLE WHERE NULL = BIRTHDAY;
FAILURE
SELECT * FROM NULL_TABLE WHERE BIRTHDAY <> NULL;
FAILURE
SELECT * FROM NULL_TABLE WHERE BIRTHDAY > NULL;
FAILURE
SELECT * FROM NULL_TABLE WHERE BIRTHDAY < NULL;
FAILURE

SELECT * FROM NULL_TABLE WHERE NUM IS NOT NULL;
FAILURE
SELECT * FROM NULL_TABLE WHERE NUM IS NULL;
FAILURE
SELECT * FROM NULL_TABLE WHERE NUM = NULL;
FAILURE
SELECT * FROM NULL_TABLE WHERE NULL = NUM;
FAILURE
SELECT * FROM NULL_TABLE WHERE NUM <> NULL;
FAILURE
SELECT * FROM NULL_TABLE WHERE NUM > NULL;
FAILURE
SELECT * FROM NULL_TABLE WHERE NUM < NULL;
FAILURE

SELECT NULL_TABLE.NUM,NULL_TABLE2.NUM,NULL_TABLE.BIRTHDAY FROM NULL_TABLE,NULL_TABLE2 WHERE NULL_TABLE.NUM=NULL_TABLE2.NUM;
FAILURE

5. AGGREGATION
SELECT COUNT(*) FROM NULL_TABLE;
FAILURE
SELECT COUNT(PRICE) FROM NULL_TABLE;
FAILURE
SELECT COUNT(BIRTHDAY) FROM NULL_TABLE;
FAILURE
SELECT AVG(NUM) FROM NULL_TABLE;
FAILURE

6. AGGREGATION WITH NULL COLUMNS
CREATE TABLE NULL_TABLE3(ID INT NOT NULL, NUM INT NULL);
SQL_SYNTAX > FAILED TO PARSE SQL
INSERT INTO NULL_TABLE3 VALUES (1, NULL);
FAILURE
INSERT INTO NULL_TABLE3 VALUES (2, NULL);
FAILURE
SELECT COUNT(NUM) FROM NULL_TABLE3;
FAILURE
SELECT MIN(NUM) FROM NULL_TABLE3;
FAILURE
SELECT MAX(NUM) FROM NULL_TABLE3;
FAILURE
SELECT AVG(NUM) FROM NULL_TABLE3;
FAILURE
